replayFrom,channelName,TotalDelivered
1006711,/event/OutboundCase__e,127
1006711,/event/OutboundEmail__e,1059
1009951,/event/OutboundEmail__e,675
1013315,/event/OutboundEmail__e,85
1009951,/event/OutboundCase__e,0
1016694,/event/OutboundEmail__e,0
1017056,/event/OutboundEmail__e,0
1008351,/event/OutboundCase__e,4
1015969,/event/OutboundEmail__e,0
1016544,/event/OutboundEmail__e,0
1015452,/event/OutboundEmail__e,0
1016504,/event/OutboundEmail__e,0
1017050,/event/OutboundEmail__e,0
1015997,/event/OutboundEmail__e,0
1017068,/event/OutboundEmail__e,0
1015958,/event/OutboundEmail__e,0
1017079,/event/OutboundEmail__e,0
1015987,/event/OutboundEmail__e,0
1016532,/event/OutboundEmail__e,0
1015998,/event/OutboundEmail__e,0
1016520,/event/OutboundEmail__e,0
1017158,/event/OutboundEmail__e,7
1017235,/event/OutboundEmail__e,7
1017249,/event/OutboundEmail__e,7
1017283,/event/OutboundEmail__e,7
1017290,/event/OutboundEmail__e,7
1017339,/event/OutboundEmail__e,7
1017340,/event/OutboundEmail__e,7
1017384,/event/OutboundEmail__e,7
1017402,/event/OutboundEmail__e,7
1017408,/event/OutboundEmail__e,7
1017412,/event/OutboundEmail__e,7
1017419,/event/OutboundEmail__e,7
1017452,/event/OutboundEmail__e,7
1017456,/event/OutboundEmail__e,7
1017467,/event/OutboundEmail__e,7
1017475,/event/OutboundEmail__e,7
1017494,/event/OutboundEmail__e,7
1017524,/event/OutboundEmail__e,7
1017539,/event/OutboundEmail__e,7
1017576,/event/OutboundEmail__e,7
1017583,/event/OutboundEmail__e,7
1017759,/event/OutboundEmail__e,7
1017769,/event/OutboundEmail__e,7
1017777,/event/OutboundEmail__e,7
1017818,/event/OutboundEmail__e,7
1017828,/event/OutboundEmail__e,7
1017836,/event/OutboundEmail__e,7
1017839,/event/OutboundEmail__e,7
1017849,/event/OutboundEmail__e,7
1017859,/event/OutboundEmail__e,7
1017882,/event/OutboundEmail__e,7
1017891,/event/OutboundEmail__e,7
1017903,/event/OutboundEmail__e,7
1017918,/event/OutboundEmail__e,7
1017923,/event/OutboundEmail__e,7
1017939,/event/OutboundEmail__e,7
1017947,/event/OutboundEmail__e,7
1017966,/event/OutboundEmail__e,7
1017998,/event/OutboundEmail__e,7
1018067,/event/OutboundEmail__e,7
1018081,/event/OutboundEmail__e,7
1018083,/event/OutboundEmail__e,7
1018088,/event/OutboundEmail__e,7
1018096,/event/OutboundEmail__e,7
1018099,/event/OutboundEmail__e,7
1018104,/event/OutboundEmail__e,7
1018113,/event/OutboundEmail__e,7
1018119,/event/OutboundEmail__e,7
1018124,/event/OutboundEmail__e,7
1018132,/event/OutboundEmail__e,7
1018137,/event/OutboundEmail__e,7
1018146,/event/OutboundEmail__e,7
1018152,/event/OutboundEmail__e,7
1018157,/event/OutboundEmail__e,7
1018164,/event/OutboundEmail__e,7
1018168,/event/OutboundEmail__e,7
1018173,/event/OutboundEmail__e,7
1018178,/event/OutboundEmail__e,7
1018184,/event/OutboundEmail__e,7
1018188,/event/OutboundEmail__e,7
1018191,/event/OutboundEmail__e,7
1018199,/event/OutboundEmail__e,7
1018205,/event/OutboundEmail__e,7
1018214,/event/OutboundEmail__e,7
1018216,/event/OutboundEmail__e,7
1018233,/event/OutboundEmail__e,7
1018247,/event/OutboundEmail__e,7
1018265,/event/OutboundEmail__e,7
1018471,/event/OutboundEmail__e,7
1018483,/event/OutboundEmail__e,7
1018498,/event/OutboundEmail__e,7
1018514,/event/OutboundEmail__e,7
1018518,/event/OutboundEmail__e,7
1018564,/event/OutboundEmail__e,7
1018616,/event/OutboundEmail__e,7
1018683,/event/OutboundEmail__e,7
1018685,/event/OutboundEmail__e,7
1018753,/event/OutboundEmail__e,7
1018799,/event/OutboundEmail__e,7
1018806,/event/OutboundEmail__e,7
1018808,/event/OutboundEmail__e,7
1018816,/event/OutboundEmail__e,7
1018817,/event/OutboundEmail__e,7
1018822,/event/OutboundEmail__e,7
1018826,/event/OutboundEmail__e,7
1018845,/event/OutboundEmail__e,7
1018847,/event/OutboundEmail__e,7
1018855,/event/OutboundEmail__e,7
1018860,/event/OutboundEmail__e,7
1018872,/event/OutboundEmail__e,7
1018879,/event/OutboundEmail__e,7
1018904,/event/OutboundEmail__e,7
1018915,/event/OutboundEmail__e,7
1018918,/event/OutboundEmail__e,7
1018925,/event/OutboundEmail__e,7
1018929,/event/OutboundEmail__e,7
1015840,/event/OutboundEmail__e,0
1017045,/event/OutboundEmail__e,0
1017147,/event/OutboundEmail__e,6
1017175,/event/OutboundEmail__e,6
1017255,/event/OutboundEmail__e,6
1017285,/event/OutboundEmail__e,6
1017291,/event/OutboundEmail__e,6
1017295,/event/OutboundEmail__e,6
1017316,/event/OutboundEmail__e,6
1017348,/event/OutboundEmail__e,6
1017367,/event/OutboundEmail__e,6
1017429,/event/OutboundEmail__e,6
1017507,/event/OutboundEmail__e,6
1017791,/event/OutboundEmail__e,6
1017986,/event/OutboundEmail__e,6
1018008,/event/OutboundEmail__e,6
1018046,/event/OutboundEmail__e,6
1018273,/event/OutboundEmail__e,6
1018396,/event/OutboundEmail__e,6
1018591,/event/OutboundEmail__e,6
1018692,/event/OutboundEmail__e,6
1018772,/event/OutboundEmail__e,6
1017146,/event/OutboundEmail__e,5
606772,/s/notifications/notification,7
1003258,/event/OutboundCaseComment__e,4
1003516,/event/OutboundCase__e,67
1016690,/event/OutboundEmail__e,0
1016693,/event/OutboundEmail__e,0
1017094,/event/OutboundCase__e,0
1017096,/event/OutboundCase__e,0
1017099,/event/OutboundCase__e,0
1017101,/event/OutboundCase__e,0
1017103,/event/OutboundCase__e,0
1017105,/event/OutboundCase__e,0
1017133,/event/OutboundCase__e,0
1017135,/event/OutboundCase__e,0
1017177,/event/OutboundCase__e,4
1017207,/event/OutboundCase__e,4
1017314,/event/OutboundCase__e,4
1017399,SharedSubscriber - /event/01I0H000002i97P,4
1017479,/event/OutboundCase__e,4
1017509,/event/OutboundCase__e,4
1017837,SharedSubscriber - /event/01I0H000002i97P,4
1017878,/event/OutboundCase__e,4
1018034,/event/OutboundCase__e,4
1018035,/event/OutboundCase__e,4
1018297,/event/OutboundCase__e,8
1018313,/event/OutboundCase__e,4
1018448,/event/OutboundCase__e,4
1018599,/event/OutboundCase__e,8
1018706,/event/OutboundCase__e,8
606332,/s/notifications/notification,4
606346,/s/notifications/notification,4
606353,/s/notifications/notification,4
606445,/s/notifications/notification,4
607122,/s/notifications/notification,4
1000071,/event/OutboundEmail__e,9
1000074,/event/OutboundCaseComment__e,3
1000074,/event/OutboundCase__e,12
1000074,/event/OutboundEmail__e,15
1000093,/event/OutboundCaseComment__e,88
1000093,/event/OutboundCase__e,1248
1000093,/event/OutboundEmail__e,327
1001345,/event/OutboundCase__e,204
1001345,/event/OutboundEmail__e,3
1001430,/event/OutboundCase__e,4404
1001430,/event/OutboundEmail__e,354
1003275,/event/OutboundCase__e,3
1003276,/event/OutboundCase__e,3
1003516,/event/OutboundEmail__e,363
1006602,/event/OutboundEmail__e,294
1017151,/event/OutboundCase__e,3
1017154,/event/OutboundCase__e,6
1017157,/event/OutboundCase__e,3
1017159,/event/OutboundCase__e,6
1017162,/event/OutboundCase__e,3
1017165,/event/OutboundCase__e,12
1017170,/event/OutboundCase__e,6
1017172,/event/OutboundCase__e,3
1017173,/event/OutboundCase__e,3
1017176,/event/OutboundCase__e,3
1017178,/event/OutboundCase__e,3
1017179,/event/OutboundCase__e,3
1017180,/event/OutboundCase__e,3
1017182,/event/OutboundCase__e,3
1017183,/event/OutboundCase__e,3
1017184,/event/OutboundCase__e,3
1017185,/event/OutboundCase__e,3
1017187,/event/OutboundCase__e,3
1017188,/event/OutboundCase__e,6
1017190,/event/OutboundCase__e,3
1017191,/event/OutboundCase__e,9
1017194,/event/OutboundCase__e,9
1017197,/event/OutboundCase__e,3
1017200,/event/OutboundCase__e,3
1017202,/event/OutboundCase__e,3
1017203,/event/OutboundCase__e,3
1017205,/event/OutboundCase__e,3
1017206,/event/OutboundCase__e,3
1017208,/event/OutboundCase__e,6
1017210,/event/OutboundCase__e,6
1017213,/event/OutboundCase__e,3
1017215,/event/OutboundCase__e,3
1017216,/event/OutboundCase__e,3
1017218,/event/OutboundCase__e,3
1017220,/event/OutboundCase__e,6
1017222,/event/OutboundCase__e,3
1017224,/event/OutboundCase__e,3
1017228,/event/OutboundCase__e,6
1017230,/event/OutboundCase__e,3
1017232,/event/OutboundCase__e,3
1017234,/event/OutboundCase__e,3
1017236,/event/OutboundCase__e,3
1017237,/event/OutboundCase__e,3
1017239,/event/OutboundCase__e,3
1017240,/event/OutboundCase__e,6
1017244,/event/OutboundCase__e,3
1017247,/event/OutboundCase__e,3
1017251,/event/OutboundCase__e,3
1017252,/event/OutboundCase__e,6
1017257,/event/OutboundCase__e,3
1017258,/event/OutboundCase__e,3
1017260,/event/OutboundCase__e,3
1017261,/event/OutboundCase__e,3
1017262,/event/OutboundCase__e,3
1017264,/event/OutboundCase__e,3
1017266,/event/OutboundCase__e,3
1017267,/event/OutboundCase__e,3
1017268,/event/OutboundCase__e,3
1017269,/event/OutboundCase__e,3
1017271,/event/OutboundCase__e,3
1017273,/event/OutboundCase__e,3
1017274,/event/OutboundCase__e,3
1017277,/event/OutboundCase__e,3
1017278,/event/OutboundCase__e,6
1017281,/event/OutboundCase__e,3
1017284,/event/OutboundCase__e,3
1017287,/event/OutboundCase__e,3
1017288,/event/OutboundCase__e,3
1017292,/event/OutboundCase__e,3
1017293,/event/OutboundCase__e,3
1017296,/event/OutboundCase__e,3
1017297,/event/OutboundCase__e,3
1017299,/event/OutboundCase__e,3
1017301,/event/OutboundCaseComment__e,3
1017301,/event/OutboundCase__e,3
1017303,/event/OutboundCase__e,3
1017304,/event/OutboundCase__e,3
1017305,/event/OutboundCase__e,3
1017310,/event/OutboundCase__e,3
1017311,/event/OutboundCase__e,6
1017315,/event/OutboundCase__e,3
1017317,/event/OutboundCase__e,3
1017318,/event/OutboundCase__e,3
1017319,/event/OutboundCase__e,3
1017320,/event/OutboundCase__e,6
1017323,/event/OutboundCase__e,3
1017324,/event/OutboundCase__e,3
1017326,/event/OutboundCase__e,3
1017329,/event/OutboundCase__e,3
1017330,/event/OutboundCase__e,3
1017331,/event/OutboundCase__e,3
1017333,/event/OutboundCase__e,3
1017334,/event/OutboundCase__e,3
1017336,/event/OutboundCase__e,3
1017337,/event/OutboundCase__e,3
1017342,/event/OutboundCase__e,3
1017343,/event/OutboundCase__e,3
1017344,/event/OutboundCase__e,3
1017346,/event/OutboundCase__e,3
1017347,/event/OutboundCase__e,3
1017349,/event/OutboundCase__e,3
1017354,/event/OutboundCase__e,3
1017357,/event/OutboundCase__e,3
1017360,/event/OutboundCase__e,3
1017378,/event/OutboundCase__e,6
1017398,SharedSubscriber - /event/01I0H000002i97P,3
1017400,/event/OutboundCase__e,3
1017410,/event/OutboundCase__e,3
1017414,/event/OutboundCase__e,3
1017417,/event/OutboundCase__e,3
1017424,/event/OutboundCase__e,3
1017427,/event/OutboundCase__e,3
1017432,/event/OutboundCase__e,3
1017433,/event/OutboundCase__e,3
1017434,/event/OutboundCase__e,3
1017436,/event/OutboundCase__e,6
1017438,/event/OutboundCase__e,3
1017439,/event/OutboundCase__e,3
1017441,/event/OutboundCase__e,3
1017444,/event/OutboundCase__e,3
1017446,/event/OutboundCase__e,3
1017451,/event/OutboundCaseComment__e,3
1017454,/event/OutboundCase__e,3
1017458,/event/OutboundCase__e,3
1017459,/event/OutboundCase__e,3
1017460,/event/OutboundCase__e,3
1017463,/event/OutboundCase__e,3
1017465,/event/OutboundCase__e,3
1017471,/event/OutboundCase__e,3
1017473,/event/OutboundCase__e,3
1017476,/event/OutboundCase__e,3
1017480,/event/OutboundCase__e,3
1017482,/event/OutboundCase__e,3
1017485,/event/OutboundCase__e,3
1017489,/event/OutboundCase__e,3
1017490,/event/OutboundCase__e,3
1017492,/event/OutboundCase__e,3
1017496,/event/OutboundCase__e,3
1017497,/event/OutboundCase__e,3
1017502,/event/OutboundCase__e,3
1017503,/event/OutboundCase__e,3
1017504,/event/OutboundCase__e,3
1017508,/event/OutboundCase__e,3
1017510,/event/OutboundCase__e,6
1017513,/event/OutboundCase__e,3
1017516,/event/OutboundCase__e,3
1017518,/event/OutboundCase__e,3
1017519,/event/OutboundCase__e,3
1017520,/event/OutboundCase__e,6
1017522,/event/OutboundCase__e,3
1017525,/event/OutboundCase__e,3
1017527,/event/OutboundCase__e,3
1017528,/event/OutboundCase__e,3
1017530,/event/OutboundCase__e,6
1017532,/event/OutboundCase__e,3
1017535,/event/OutboundCase__e,3
1017536,/event/OutboundCase__e,3
1017538,/event/OutboundCase__e,3
1017541,/event/OutboundCase__e,3
1017543,/event/OutboundCase__e,6
1017545,/event/OutboundCase__e,3
1017549,/event/OutboundCase__e,3
1017550,/event/OutboundCase__e,3
1017551,/event/OutboundCase__e,3
1017552,/event/OutboundCase__e,3
1017553,/event/OutboundCase__e,3
1017554,/event/OutboundCase__e,3
1017555,/event/OutboundCase__e,3
1017556,/event/OutboundCase__e,3
1017558,/event/OutboundCase__e,3
1017559,/event/OutboundCase__e,3
1017560,/event/OutboundCase__e,3
1017561,/event/OutboundCase__e,3
1017564,/event/OutboundCase__e,6
1017567,/event/OutboundCase__e,3
1017568,/event/OutboundCase__e,3
1017572,/event/OutboundCase__e,3
1017573,/event/OutboundCase__e,3
1017574,/event/OutboundCase__e,3
1017575,/event/OutboundCase__e,3
1017577,/event/OutboundCase__e,6
1017579,/event/OutboundCase__e,3
1017580,/event/OutboundCase__e,3
1017581,/event/OutboundCase__e,3
1017584,/event/OutboundCase__e,3
1017586,/event/OutboundCase__e,3
1017588,/event/OutboundCase__e,3
1017590,/event/OutboundCase__e,3
1017591,/event/OutboundCase__e,158
1017671,/event/OutboundCase__e,3
1017672,/event/OutboundCase__e,3
1017752,/event/OutboundCase__e,3
1017753,/event/OutboundCase__e,3
1017754,/event/OutboundCase__e,3
1017755,/event/OutboundCase__e,3
1017757,/event/OutboundCase__e,6
1017761,/event/OutboundCase__e,3
1017762,/event/OutboundCase__e,3
1017763,/event/OutboundCase__e,6
1017765,/event/OutboundCase__e,6
1017771,/event/OutboundCase__e,6
1017773,/event/OutboundCase__e,3
1017774,/event/OutboundCase__e,3
1017776,/event/OutboundCase__e,3
1017779,/event/OutboundCase__e,3
1017780,/event/OutboundCase__e,3
1017782,/event/OutboundCase__e,3
1017783,/event/OutboundCase__e,3
1017784,/event/OutboundCase__e,3
1017786,/event/OutboundCase__e,3
1017787,/event/OutboundCase__e,6
1017790,/event/OutboundCase__e,9
1017795,/event/OutboundCase__e,3
1017796,/event/OutboundCase__e,6
1017798,/event/OutboundCase__e,3
1017799,/event/OutboundCase__e,3
1017800,/event/OutboundCase__e,6
1017803,/event/OutboundCase__e,3
1017804,/event/OutboundCase__e,3
1017806,/event/OutboundCase__e,6
1017809,/event/OutboundCase__e,3
1017811,/event/OutboundCase__e,3
1017815,/event/OutboundCase__e,3
1017819,/event/OutboundCase__e,6
1017823,/event/OutboundCase__e,6
1017824,SharedSubscriber - /event/01I0H000002i97P,3
1017827,/event/OutboundCase__e,3
1017829,/event/OutboundCase__e,3
1017831,/event/OutboundCase__e,3
1017833,/event/OutboundCase__e,3
1017835,/event/OutboundCase__e,3
1017838,/event/OutboundCase__e,3
1017840,/event/OutboundCase__e,3
1017842,/event/OutboundCase__e,3
1017846,/event/OutboundCase__e,3
1017847,/event/OutboundCase__e,3
1017851,/event/OutboundCase__e,3
1017855,/event/OutboundCaseComment__e,3
1017857,/event/OutboundCase__e,3
1017864,/event/OutboundCase__e,6
1017868,/event/OutboundCase__e,3
1017869,/event/OutboundCase__e,3
1017870,/event/OutboundCase__e,3
1017871,/event/OutboundCase__e,3
1017872,/event/OutboundCase__e,3
1017873,/event/OutboundCase__e,3
1017875,/event/OutboundCase__e,3
1017876,/event/OutboundCase__e,3
1017880,/event/OutboundCase__e,3
1017883,/event/OutboundCase__e,3
1017884,/event/OutboundCase__e,3
1017886,/event/OutboundCase__e,3
1017888,/event/OutboundCase__e,3
1017892,/event/OutboundCase__e,3
1017893,/event/OutboundCase__e,3
1017894,/event/OutboundCase__e,3
1017896,/event/OutboundCase__e,3
1017898,/event/OutboundCase__e,3
1017899,/event/OutboundCase__e,3
1017900,/event/OutboundCase__e,3
1017901,/event/OutboundCase__e,3
1017904,/event/OutboundCase__e,6
1017908,/event/OutboundCase__e,6
1017910,/event/OutboundCase__e,9
1017916,/event/OutboundCase__e,3
1017920,/event/OutboundCase__e,6
1017922,/event/OutboundCase__e,3
1017924,/event/OutboundCase__e,3
1017925,/event/OutboundCase__e,3
1017928,/event/OutboundCase__e,3
1017932,/event/OutboundCaseComment__e,3
1017936,/event/OutboundCase__e,3
1017938,/event/OutboundCaseComment__e,3
1017940,/event/OutboundCase__e,3
1017941,/event/OutboundCaseComment__e,3
1017943,/event/OutboundCase__e,3
1017945,/event/OutboundCase__e,3
1017946,/event/OutboundCase__e,3
1017948,/event/OutboundCase__e,3
1017951,/event/OutboundCase__e,3
1017952,/event/OutboundCase__e,3
1017953,/event/OutboundCase__e,3
1017956,/event/OutboundCase__e,6
1017958,/event/OutboundCase__e,3
1017960,/event/OutboundCaseComment__e,3
1017961,/event/OutboundCase__e,3
1017962,/event/OutboundCase__e,3
1017964,/event/OutboundCase__e,6
1017970,/event/OutboundCase__e,3
1017971,/event/OutboundCase__e,3
1017973,/event/OutboundCase__e,3
1017974,/event/OutboundCase__e,3
1017975,/event/OutboundCase__e,6
1017978,/event/OutboundCase__e,6
1017981,/event/OutboundCase__e,3
1017983,/event/OutboundCase__e,3
1017987,/event/OutboundCase__e,3
1017989,/event/OutboundCase__e,3
1017991,/event/OutboundCase__e,6
1017993,/event/OutboundCase__e,3
1017996,/event/OutboundCase__e,6
1018003,/event/OutboundCase__e,3
1018005,/event/OutboundCase__e,3
1018009,/event/OutboundCase__e,3
1018010,/event/OutboundCase__e,3
1018011,/event/OutboundCase__e,3
1018012,/event/OutboundCase__e,3
1018014,/event/OutboundCase__e,3
1018018,/event/OutboundCase__e,3
1018023,/event/OutboundCase__e,3
1018024,/event/OutboundCase__e,3
1018027,/event/OutboundCase__e,3
1018029,/event/OutboundCase__e,3
1018030,/event/OutboundCaseComment__e,3
1018031,/event/OutboundCase__e,3
1018033,/event/OutboundCase__e,3
1018036,/event/OutboundCase__e,6
1018038,/event/OutboundCase__e,3
1018041,/event/OutboundCase__e,3
1018043,/event/OutboundCase__e,3
1018047,/event/OutboundCase__e,3
1018049,/event/OutboundCase__e,3
1018053,/event/OutboundCase__e,6
1018055,/event/OutboundCase__e,3
1018058,/event/OutboundCase__e,3
1018060,/event/OutboundCase__e,6
1018063,/event/OutboundCase__e,3
1018065,/event/OutboundCase__e,3
1018069,/event/OutboundCase__e,3
1018071,/event/OutboundCase__e,3
1018072,/event/OutboundCase__e,6
1018074,/event/OutboundCase__e,3
1018076,/event/OutboundCase__e,3
1018079,/event/OutboundCase__e,3
1018085,/event/OutboundCase__e,3
1018087,/event/OutboundCase__e,3
1018094,/event/OutboundCase__e,3
1018095,/event/OutboundCase__e,3
1018097,/event/OutboundCase__e,6
1018101,/event/OutboundCase__e,3
1018103,/event/OutboundCase__e,3
1018105,/event/OutboundCaseComment__e,3
1018106,/event/OutboundCase__e,6
1018108,/event/OutboundCase__e,3
1018111,/event/OutboundCase__e,3
1018114,/event/OutboundCase__e,3
1018117,/event/OutboundCase__e,3
1018120,/event/OutboundCase__e,3
1018122,/event/OutboundCase__e,3
1018126,/event/OutboundCase__e,3
1018127,/event/OutboundCase__e,3
1018130,/event/OutboundCase__e,3
1018134,/event/OutboundCase__e,3
1018136,/event/OutboundCase__e,6
1018139,/event/OutboundCaseComment__e,3
1018141,/event/OutboundCase__e,3
1018144,/event/OutboundCase__e,3
1018147,/event/OutboundCase__e,3
1018148,/event/OutboundCaseComment__e,3
1018150,/event/OutboundCase__e,3
1018153,/event/OutboundCase__e,3
1018155,/event/OutboundCase__e,9
1018161,/event/OutboundCase__e,3
1018166,/event/OutboundCase__e,3
1018169,/event/OutboundCaseComment__e,3
1018171,/event/OutboundCase__e,3
1018174,/event/OutboundCase__e,3
1018176,/event/OutboundCase__e,3
1018179,/event/OutboundCase__e,3
1018182,/event/OutboundCase__e,3
1018186,/event/OutboundCase__e,3
1018189,/event/OutboundCase__e,3
1018192,/event/OutboundCase__e,3
1018193,/event/OutboundCase__e,3
1018194,/event/OutboundCaseComment__e,3
1018195,/event/OutboundCase__e,3
1018197,/event/OutboundCase__e,3
1018200,/event/OutboundCase__e,3
1018201,/event/OutboundCase__e,3
1018207,/event/OutboundCase__e,3
1018208,/event/OutboundCaseComment__e,3
1018209,/event/OutboundCase__e,3
1018210,/event/OutboundCase__e,3
1018212,/event/OutboundCase__e,3
1018213,/event/OutboundCase__e,3
1018215,/event/OutboundCase__e,3
1018217,/event/OutboundCase__e,3
1018219,/event/OutboundCase__e,3
1018222,/event/OutboundCase__e,3
1018224,/event/OutboundCase__e,3
1018225,/event/OutboundCase__e,3
1018228,/event/OutboundCase__e,6
1018235,/event/OutboundCase__e,3
1018237,/event/OutboundCase__e,3
1018238,/event/OutboundCase__e,3
1018239,/event/OutboundCase__e,6
1018241,/event/OutboundCase__e,3
1018243,/event/OutboundCase__e,6
1018245,/event/OutboundCase__e,3
1018248,/event/OutboundCase__e,6
1018250,/event/OutboundCase__e,6
1018252,/event/OutboundCase__e,3
1018255,/event/OutboundCase__e,3
1018257,/event/OutboundCase__e,6
1018259,/event/OutboundCase__e,3
1018260,/event/OutboundCase__e,3
1018261,/event/OutboundCase__e,3
1018263,/event/OutboundCase__e,6
1018268,/event/OutboundCase__e,6
1018271,/event/OutboundCase__e,3
1018274,/event/OutboundCase__e,3
1018275,/event/OutboundCase__e,3
1018277,/event/OutboundCase__e,3
1018286,/event/OutboundCase__e,6
1018288,/event/OutboundCase__e,3
1018289,/event/OutboundCase__e,6
1018292,/event/OutboundCase__e,3
1018293,/event/OutboundCase__e,3
1018294,/event/OutboundCase__e,6
1018296,/event/OutboundCase__e,3
1018299,/event/OutboundCase__e,3
1018303,/event/OutboundCase__e,3
1018304,/event/OutboundCase__e,3
1018305,/event/OutboundCase__e,3
1018307,/event/OutboundCase__e,3
1018308,/event/OutboundCase__e,3
1018311,/event/OutboundCase__e,3
1018314,/event/OutboundCase__e,3
1018315,/event/OutboundCase__e,3
1018317,/event/OutboundCase__e,3
1018319,/event/OutboundCase__e,3
1018321,/event/OutboundCase__e,3
1018322,/event/OutboundCase__e,3
1018325,/event/OutboundCase__e,3
1018326,/event/OutboundCase__e,3
1018327,/event/OutboundCase__e,3
1018328,/event/OutboundCase__e,3
1018329,/event/OutboundCase__e,3
1018330,/event/OutboundCase__e,3
1018332,/event/OutboundCase__e,3
1018333,/event/OutboundCase__e,3
1018334,/event/OutboundCase__e,3
1018335,/event/OutboundCase__e,3
1018336,/event/OutboundCase__e,3
1018338,/event/OutboundCase__e,6
1018340,/event/OutboundCase__e,3
1018341,/event/OutboundCase__e,3
1018344,/event/OutboundCase__e,6
1018346,/event/OutboundCase__e,3
1018347,/event/OutboundCase__e,6
1018349,/event/OutboundCase__e,3
1018350,/event/OutboundCaseComment__e,3
1018351,/event/OutboundCase__e,3
1018352,/event/OutboundCase__e,3
1018354,/event/OutboundCase__e,6
1018356,/event/OutboundCase__e,3
1018357,/event/OutboundCase__e,6
1018359,/event/OutboundCase__e,3
1018360,/event/OutboundCase__e,6
1018362,/event/OutboundCase__e,6
1018364,/event/OutboundCase__e,6
1018366,/event/OutboundCase__e,6
1018368,/event/OutboundCase__e,3
1018370,/event/OutboundCase__e,3
1018372,/event/OutboundCase__e,6
1018374,/event/OutboundCase__e,6
1018377,/event/OutboundCase__e,3
1018378,/event/OutboundCaseComment__e,3
1018380,/event/OutboundCase__e,6
1018382,/event/OutboundCase__e,6
1018384,/event/OutboundCase__e,6
1018386,/event/OutboundCase__e,3
1018388,/event/OutboundCase__e,3
1018389,/event/OutboundCase__e,3
1018391,/event/OutboundCase__e,3
1018392,/event/OutboundCase__e,3
1018393,/event/OutboundCase__e,6
1018395,/event/OutboundCase__e,3
1018397,/event/OutboundCase__e,3
1018398,/event/OutboundCase__e,6
1018400,/event/OutboundCase__e,6
1018403,/event/OutboundCase__e,3
1018404,/event/OutboundCase__e,6
1018406,/event/OutboundCase__e,3
1018408,/event/OutboundCase__e,6
1018411,/event/OutboundCase__e,6
1018413,/event/OutboundCase__e,6
1018415,/event/OutboundCase__e,6
1018417,/event/OutboundCase__e,6
1018419,/event/OutboundCase__e,3
1018420,/event/OutboundCase__e,6
1018423,/event/OutboundCase__e,3
1018425,/event/OutboundCase__e,6
1018427,/event/OutboundCase__e,3
1018428,/event/OutboundCase__e,6
1018431,/event/OutboundCase__e,3
1018432,/event/OutboundCase__e,9
1018435,/event/OutboundCase__e,6
1018437,/event/OutboundCase__e,6
1018439,/event/OutboundCase__e,6
1018441,/event/OutboundCase__e,6
1018444,/event/OutboundCase__e,6
1018446,/event/OutboundCase__e,6
1018449,/event/OutboundCase__e,3
1018451,/event/OutboundCase__e,6
1018455,/event/OutboundCase__e,6
1018457,/event/OutboundCase__e,6
1018459,/event/OutboundCase__e,6
1018461,/event/OutboundCase__e,6
1018463,/event/OutboundCase__e,3
1018464,/event/OutboundCase__e,6
1018466,/event/OutboundCase__e,3
1018468,/event/OutboundCase__e,3
1018469,/event/OutboundCase__e,3
1018470,/event/OutboundCase__e,3
1018472,/event/OutboundCase__e,3
1018474,/event/OutboundCase__e,6
1018476,/event/OutboundCase__e,3
1018477,/event/OutboundCase__e,3
1018480,/event/OutboundCase__e,6
1018482,/event/OutboundCase__e,3
1018484,/event/OutboundCase__e,3
1018485,/event/OutboundCase__e,3
1018487,/event/OutboundCase__e,6
1018490,/event/OutboundCase__e,3
1018491,/event/OutboundCase__e,3
1018493,/event/OutboundCase__e,6
1018495,/event/OutboundCase__e,6
1018497,/event/OutboundCase__e,6
1018501,/event/OutboundCase__e,6
1018505,/event/OutboundCase__e,3
1018507,/event/OutboundCase__e,6
1018509,/event/OutboundCase__e,3
1018511,/event/OutboundCase__e,6
1018513,/event/OutboundCase__e,6
1018517,/event/OutboundCase__e,6
1018520,/event/OutboundCase__e,6
1018522,/event/OutboundCase__e,3
1018524,/event/OutboundCase__e,3
1018526,/event/OutboundCase__e,3
1018527,/event/OutboundCase__e,3
1018529,/event/OutboundCase__e,6
1018532,/event/OutboundCase__e,3
1018533,/event/OutboundCase__e,3
1018535,/event/OutboundCase__e,6
1018537,/event/OutboundCase__e,3
1018538,/event/OutboundCase__e,3
1018539,/event/OutboundCase__e,6
1018541,/event/OutboundCase__e,3
1018542,/event/OutboundCase__e,3
1018545,/event/OutboundCase__e,3
1018547,/event/OutboundCase__e,3
1018548,/event/OutboundCase__e,3
1018550,/event/OutboundCase__e,3
1018551,/event/OutboundCase__e,3
1018554,/event/OutboundCase__e,6
1018556,/event/OutboundCase__e,3
1018557,/event/OutboundCase__e,3
1018559,/event/OutboundCase__e,3
1018562,/event/OutboundCase__e,3
1018565,/event/OutboundCase__e,3
1018566,/event/OutboundCase__e,3
1018567,/event/OutboundCase__e,3
1018569,/event/OutboundCase__e,3
1018570,/event/OutboundCase__e,3
1018571,/event/OutboundCase__e,3
1018574,/event/OutboundCase__e,3
1018577,/event/OutboundCase__e,3
1018578,/event/OutboundCase__e,3
1018579,/event/OutboundCase__e,3
1018582,/event/OutboundCase__e,9
1018586,/event/OutboundCase__e,3
1018587,/event/OutboundCase__e,6
1018593,/event/OutboundCase__e,3
1018594,/event/OutboundCase__e,3
1018596,/event/OutboundCase__e,3
1018601,/event/OutboundCase__e,3
1018602,/event/OutboundCase__e,6
1018605,/event/OutboundCase__e,6
1018607,/event/OutboundCase__e,6
1018610,/event/OutboundCase__e,3
1018612,/event/OutboundCase__e,6
1018615,/event/OutboundCase__e,6
1018618,/event/OutboundCase__e,3
1018619,/event/OutboundCase__e,3
1018620,/event/OutboundCase__e,6
1018623,/event/OutboundCase__e,3
1018624,/event/OutboundCase__e,3
1018627,/event/OutboundCase__e,3
1018628,/event/OutboundCase__e,3
1018630,/event/OutboundCase__e,6
1018633,/event/OutboundCase__e,3
1018634,/event/OutboundCase__e,3
1018636,/event/OutboundCase__e,6
1018639,/event/OutboundCase__e,3
1018641,/event/OutboundCase__e,6
1018643,/event/OutboundCase__e,3
1018646,/event/OutboundCase__e,6
1018648,/event/OutboundCase__e,6
1018650,/event/OutboundCase__e,3
1018651,/event/OutboundCase__e,3
1018652,/event/OutboundCase__e,6
1018654,/event/OutboundCase__e,3
1018655,/event/OutboundCase__e,3
1018656,/event/OutboundCase__e,6
1018659,/event/OutboundCase__e,3
1018660,/event/OutboundCase__e,6
1018662,/event/OutboundCase__e,3
1018663,/event/OutboundCase__e,6
1018666,/event/OutboundCase__e,3
1018667,/event/OutboundCase__e,3
1018669,/event/OutboundCase__e,6
1018671,/event/OutboundCase__e,3
1018672,/event/OutboundCase__e,6
1018674,/event/OutboundCase__e,6
1018676,/event/OutboundCase__e,3
1018677,/event/OutboundCase__e,6
1018680,/event/OutboundCase__e,3
1018681,/event/OutboundCase__e,3
1018686,/event/OutboundCase__e,3
1018690,/event/OutboundCase__e,3
1018694,/event/OutboundCase__e,3
1018696,/event/OutboundCase__e,3
1018699,/event/OutboundCase__e,3
1018701,/event/OutboundCase__e,6
1018708,/event/OutboundCase__e,6
1018711,/event/OutboundCase__e,3
1018712,/event/OutboundCase__e,3
1018716,/event/OutboundCase__e,3
1018717,/event/OutboundCase__e,3
1018720,/event/OutboundCase__e,3
1018722,/event/OutboundCase__e,3
1018723,/event/OutboundCase__e,3
1018725,/event/OutboundCase__e,3
1018727,/event/OutboundCase__e,3
1018729,/event/OutboundCase__e,3
1018732,/event/OutboundCase__e,3
1018734,/event/OutboundCase__e,3
1018736,/event/OutboundCase__e,9
1018740,/event/OutboundCase__e,3
1018743,/event/OutboundCase__e,3
1018745,/event/OutboundCase__e,6
1018748,/event/OutboundCase__e,3
1018749,/event/OutboundCase__e,3
1018750,/event/OutboundCase__e,3
1018754,/event/OutboundCase__e,3
1018755,/event/OutboundCase__e,3
1018756,/event/OutboundCase__e,3
1018758,/event/OutboundCase__e,6
1018761,/event/OutboundCase__e,6
1018763,/event/OutboundCase__e,6
1018765,/event/OutboundCase__e,3
1018768,/event/OutboundCase__e,3
1018770,/event/OutboundCase__e,3
1018774,/event/OutboundCase__e,3
1018778,/event/OutboundCase__e,3
1018781,/event/OutboundCase__e,3
1018782,/event/OutboundCase__e,3
1018783,/event/OutboundCase__e,3
1018785,/event/OutboundCase__e,3
1018787,/event/OutboundCase__e,3
1018790,/event/OutboundCase__e,3
1018791,/event/OutboundCase__e,3
1018792,/event/OutboundCase__e,6
1018796,/event/OutboundCase__e,3
1018800,/event/OutboundCase__e,3
1018801,/event/OutboundCase__e,3
1018802,/event/OutboundCase__e,3
1018804,/event/OutboundCase__e,3
1018807,/event/OutboundCase__e,6
1018811,/event/OutboundCase__e,3
1018814,/event/OutboundCase__e,3
1018819,/event/OutboundCase__e,3
1018824,/event/OutboundCase__e,3
1018828,/event/OutboundCase__e,6
1018830,/event/OutboundCase__e,6
1018834,/event/OutboundCase__e,3
1018836,/event/OutboundCase__e,3
1018837,/event/OutboundCase__e,3
1018840,/event/OutboundCase__e,3
1018842,/event/OutboundCase__e,3
1018843,/event/OutboundCase__e,3
1018846,/event/OutboundCase__e,3
1018848,/event/OutboundCase__e,3
1018849,/event/OutboundCase__e,3
1018850,/event/OutboundCase__e,6
1018853,/event/OutboundCase__e,3
1018857,/event/OutboundCase__e,3
1018862,/event/OutboundCase__e,3
1018863,/event/OutboundCase__e,3
1018864,/event/OutboundCase__e,3
1018865,/event/OutboundCase__e,3
1018867,/event/OutboundCase__e,3
1018870,/event/OutboundCase__e,3
1018873,/event/OutboundCase__e,3
1018875,/event/OutboundCase__e,3
1018876,/event/OutboundCase__e,3
1018877,/event/OutboundCase__e,3
1018881,/event/OutboundCase__e,3
1018882,/event/OutboundCase__e,3
1018884,/event/OutboundCase__e,3
1018886,/event/OutboundCase__e,3
1018888,/event/OutboundCase__e,3
1018890,/event/OutboundCase__e,3
1018891,/event/OutboundCase__e,3
1018892,/event/OutboundCase__e,9
1018897,/event/OutboundCase__e,3
1018898,/event/OutboundCase__e,3
1018900,/event/OutboundCase__e,3
1018902,/event/OutboundCase__e,3
1018905,/event/OutboundCase__e,6
1018909,/event/OutboundCase__e,3
1018911,/event/OutboundCase__e,3
1018913,/event/OutboundCase__e,3
1018916,/event/OutboundCase__e,3
1018920,/event/OutboundCase__e,3
1018922,/event/OutboundCase__e,3
1018927,/event/OutboundCase__e,3
1018932,/event/OutboundCase__e,3
1018933,/event/OutboundCase__e,3
1092408,SharedSubscriber - /event/HighVelocityEngagementEvent,3
217041,/s/notifications/readstate,6
519842,/s/chatter/feeds/feedelement/0D50H000080SO0nSAG,3
519843,/s/chatter/feeds/feedelement/0D50H000080SO0nSAG,3
519844,/s/chatter/feeds/feedelement/0D50H000080SO0nSAG,3
519845,/s/chatter/feeds/feedelement/0D50H000080SO0nSAG,3
519846,/s/chatter/feeds/feedelement/0D50H000080SO0nSAG,3
519847,/s/chatter/feeds/feedelement/0D50H000080SO0nSAG,3
519848,/s/chatter/feeds/feedelement/0D50H000080SO0nSAG,3
519849,/s/chatter/feeds/feedelement/0D50H000080SO0nSAG,3
519850,/s/chatter/feeds/feedelement/0D50H000080SO0nSAG,4
605840,/s/notifications/notification,3
605997,/s/notifications/notification,3
606123,/s/notifications/notification,3
606128,/s/notifications/notification,3
606271,/s/notifications/notification,3
606276,/s/notifications/notification,3
606337,/s/notifications/notification,3
606513,/s/notifications/notification,3
606525,/s/notifications/notification,3
606742,/s/notifications/notification,3
606974,/s/notifications/notification,3
607104,/s/notifications/notification,3
607108,/s/notifications/notification,3
607128,/s/notifications/notification,3
607144,/s/notifications/notification,3
607148,/s/notifications/notification,3
607375,/s/notifications/notification,3
1003277,/event/OutboundCaseComment__e,2
1003277,/event/OutboundCase__e,2
1003279,/event/OutboundCase__e,2
1003280,/event/OutboundCase__e,4
1003282,/event/OutboundCase__e,4
1007543,/event/OutboundEmail__e,12
1007549,/event/OutboundEmail__e,50
1008311,/event/OutboundEmail__e,40
1008349,/event/OutboundEmail__e,2
1008867,/event/OutboundEmail__e,64
1011078,/event/OutboundEmail__e,10
1011084,/event/OutboundCase__e,0
1013813,/event/OutboundEmail__e,2
1014326,/event/OutboundEmail__e,58
1014360,/event/OutboundEmail__e,16
1014906,/event/OutboundEmail__e,0
1015788,/event/OutboundEmail__e,0
1016055,/event/OutboundEmail__e,0
1017092,/event/OutboundCase__e,0
1017093,/event/OutboundCase__e,0
1017123,SharedSubscriber - /event/01I0H000002i97Q,2
1017137,/event/OutboundCase__e,4
1017139,/event/OutboundCase__e,4
1017141,/event/OutboundCase__e,4
1017143,/event/OutboundCase__e,2
1017146,/event/OutboundCase__e,2
1017148,/event/OutboundCase__e,2
1017149,/event/OutboundCase__e,2
1017150,/event/OutboundCase__e,2
1017152,/event/OutboundCase__e,2
1017153,/event/OutboundCase__e,2
1017157,/event/OutboundEmail__e,2
1017289,/event/OutboundCase__e,2
1017302,/event/OutboundCaseComment__e,2
1017307,/event/OutboundCase__e,4
1017332,/event/OutboundCaseComment__e,2
1017363,/event/OutboundCase__e,2
1017370,/event/OutboundCase__e,2
1017373,/event/OutboundCase__e,2
1017375,/event/OutboundCase__e,4
1017377,/event/OutboundCase__e,2
1017382,/event/OutboundCase__e,2
1017388,/event/OutboundCase__e,2
1017391,/event/OutboundCase__e,4
1017393,/event/OutboundCase__e,4
1017396,/event/OutboundCase__e,2
1017397,/event/OutboundCase__e,2
1017449,/event/OutboundCase__e,2
1017472,/event/OutboundCaseComment__e,2
1017571,/event/OutboundCaseComment__e,2
1017630,/event/OutboundCase__e,82
1017866,/event/OutboundCaseComment__e,2
1017990,/event/OutboundCaseComment__e,2
1018032,/event/OutboundCaseComment__e,2
1018042,/event/OutboundCaseComment__e,2
1018198,/event/OutboundCaseComment__e,2
1018203,/event/OutboundCase__e,2
1018230,/event/OutboundCase__e,2
1018231,/event/OutboundCaseComment__e,2
1018280,/event/OutboundCase__e,4
1018301,/event/OutboundCase__e,2
1018379,/event/OutboundCaseComment__e,2
1018573,/event/OutboundCaseComment__e,2
1018713,/event/OutboundCase__e,4
1092224,SharedSubscriber - /event/HighVelocityEngagementEvent,2
1092225,SharedSubscriber - /event/HighVelocityEngagementEvent,2
1092226,SharedSubscriber - /event/HighVelocityEngagementEvent,2
1092227,SharedSubscriber - /event/HighVelocityEngagementEvent,2
1092228,SharedSubscriber - /event/HighVelocityEngagementEvent,2
1092229,SharedSubscriber - /event/HighVelocityEngagementEvent,2
1092230,SharedSubscriber - /event/HighVelocityEngagementEvent,2
1092231,SharedSubscriber - /event/HighVelocityEngagementEvent,2
1092232,SharedSubscriber - /event/HighVelocityEngagementEvent,2
1092233,SharedSubscriber - /event/HighVelocityEngagementEvent,2
1092234,SharedSubscriber - /event/HighVelocityEngagementEvent,2
1092235,SharedSubscriber - /event/HighVelocityEngagementEvent,2
1092236,SharedSubscriber - /event/HighVelocityEngagementEvent,2
1092237,SharedSubscriber - /event/HighVelocityEngagementEvent,2
1092238,SharedSubscriber - /event/HighVelocityEngagementEvent,2
1092239,SharedSubscriber - /event/HighVelocityEngagementEvent,2
1092240,SharedSubscriber - /event/HighVelocityEngagementEvent,2
1092241,SharedSubscriber - /event/HighVelocityEngagementEvent,2
1092242,SharedSubscriber - /event/HighVelocityEngagementEvent,2
1092243,SharedSubscriber - /event/HighVelocityEngagementEvent,2
1092244,SharedSubscriber - /event/HighVelocityEngagementEvent,2
1092245,SharedSubscriber - /event/HighVelocityEngagementEvent,2
1092246,SharedSubscriber - /event/HighVelocityEngagementEvent,2
1092247,SharedSubscriber - /event/HighVelocityEngagementEvent,2
1092248,SharedSubscriber - /event/HighVelocityEngagementEvent,2
1092249,SharedSubscriber - /event/HighVelocityEngagementEvent,2
1092250,SharedSubscriber - /event/HighVelocityEngagementEvent,2
1092251,SharedSubscriber - /event/HighVelocityEngagementEvent,2
1092252,SharedSubscriber - /event/HighVelocityEngagementEvent,2
1092253,SharedSubscriber - /event/HighVelocityEngagementEvent,2
1092254,SharedSubscriber - /event/HighVelocityEngagementEvent,2
1092255,SharedSubscriber - /event/HighVelocityEngagementEvent,2
1092256,SharedSubscriber - /event/HighVelocityEngagementEvent,2
1092257,SharedSubscriber - /event/HighVelocityEngagementEvent,2
1092258,SharedSubscriber - /event/HighVelocityEngagementEvent,2
1092259,SharedSubscriber - /event/HighVelocityEngagementEvent,2
1092260,SharedSubscriber - /event/HighVelocityEngagementEvent,2
1092261,SharedSubscriber - /event/HighVelocityEngagementEvent,2
1092262,SharedSubscriber - /event/HighVelocityEngagementEvent,2
1092263,SharedSubscriber - /event/HighVelocityEngagementEvent,2
1092264,SharedSubscriber - /event/HighVelocityEngagementEvent,2
1092265,SharedSubscriber - /event/HighVelocityEngagementEvent,2
1092266,SharedSubscriber - /event/HighVelocityEngagementEvent,2
1092267,SharedSubscriber - /event/HighVelocityEngagementEvent,4
1092269,SharedSubscriber - /event/HighVelocityEngagementEvent,4
1092271,SharedSubscriber - /event/HighVelocityEngagementEvent,2
1092272,SharedSubscriber - /event/HighVelocityEngagementEvent,2
1092273,SharedSubscriber - /event/HighVelocityEngagementEvent,2
1092274,SharedSubscriber - /event/HighVelocityEngagementEvent,2
1092275,SharedSubscriber - /event/HighVelocityEngagementEvent,2
1092276,SharedSubscriber - /event/HighVelocityEngagementEvent,2
1092277,SharedSubscriber - /event/HighVelocityEngagementEvent,2
1092278,SharedSubscriber - /event/HighVelocityEngagementEvent,2
1092279,SharedSubscriber - /event/HighVelocityEngagementEvent,2
1092280,SharedSubscriber - /event/HighVelocityEngagementEvent,2
1092281,SharedSubscriber - /event/HighVelocityEngagementEvent,2
1092282,SharedSubscriber - /event/HighVelocityEngagementEvent,2
1092283,SharedSubscriber - /event/HighVelocityEngagementEvent,2
1092284,SharedSubscriber - /event/HighVelocityEngagementEvent,2
1092285,SharedSubscriber - /event/HighVelocityEngagementEvent,2
1092286,SharedSubscriber - /event/HighVelocityEngagementEvent,2
1092287,SharedSubscriber - /event/HighVelocityEngagementEvent,2
1092289,SharedSubscriber - /event/HighVelocityEngagementEvent,2
1092291,SharedSubscriber - /event/HighVelocityEngagementEvent,2
1092292,SharedSubscriber - /event/HighVelocityEngagementEvent,2
1092293,SharedSubscriber - /event/HighVelocityEngagementEvent,2
1092294,SharedSubscriber - /event/HighVelocityEngagementEvent,2
1092295,SharedSubscriber - /event/HighVelocityEngagementEvent,2
1092296,SharedSubscriber - /event/HighVelocityEngagementEvent,2
1092297,SharedSubscriber - /event/HighVelocityEngagementEvent,2
1092298,SharedSubscriber - /event/HighVelocityEngagementEvent,2
1092300,SharedSubscriber - /event/HighVelocityEngagementEvent,2
1092301,SharedSubscriber - /event/HighVelocityEngagementEvent,2
1092303,SharedSubscriber - /event/HighVelocityEngagementEvent,2
1092304,SharedSubscriber - /event/HighVelocityEngagementEvent,2
1092305,SharedSubscriber - /event/HighVelocityEngagementEvent,2
1092306,SharedSubscriber - /event/HighVelocityEngagementEvent,2
1092307,SharedSubscriber - /event/HighVelocityEngagementEvent,2
1092308,SharedSubscriber - /event/HighVelocityEngagementEvent,2
1092310,SharedSubscriber - /event/HighVelocityEngagementEvent,2
1092311,SharedSubscriber - /event/HighVelocityEngagementEvent,2
1092312,SharedSubscriber - /event/HighVelocityEngagementEvent,2
1092314,SharedSubscriber - /event/HighVelocityEngagementEvent,2
1092315,SharedSubscriber - /event/HighVelocityEngagementEvent,2
1092316,SharedSubscriber - /event/HighVelocityEngagementEvent,2
1092317,SharedSubscriber - /event/HighVelocityEngagementEvent,2
1092318,SharedSubscriber - /event/HighVelocityEngagementEvent,2
1092319,SharedSubscriber - /event/HighVelocityEngagementEvent,2
1092320,SharedSubscriber - /event/HighVelocityEngagementEvent,2
1092321,SharedSubscriber - /event/HighVelocityEngagementEvent,2
1092322,SharedSubscriber - /event/HighVelocityEngagementEvent,2
1092323,SharedSubscriber - /event/HighVelocityEngagementEvent,2
1092324,SharedSubscriber - /event/HighVelocityEngagementEvent,2
1092325,SharedSubscriber - /event/HighVelocityEngagementEvent,2
1092326,SharedSubscriber - /event/HighVelocityEngagementEvent,2
1092327,SharedSubscriber - /event/HighVelocityEngagementEvent,2
1092328,SharedSubscriber - /event/HighVelocityEngagementEvent,2
1092329,SharedSubscriber - /event/HighVelocityEngagementEvent,2
1092330,SharedSubscriber - /event/HighVelocityEngagementEvent,2
1092331,SharedSubscriber - /event/HighVelocityEngagementEvent,2
1092332,SharedSubscriber - /event/HighVelocityEngagementEvent,2
1092333,SharedSubscriber - /event/HighVelocityEngagementEvent,2
1092334,SharedSubscriber - /event/HighVelocityEngagementEvent,3
1092337,SharedSubscriber - /event/HighVelocityEngagementEvent,2
1092338,SharedSubscriber - /event/HighVelocityEngagementEvent,2
1092339,SharedSubscriber - /event/HighVelocityEngagementEvent,2
1092340,SharedSubscriber - /event/HighVelocityEngagementEvent,2
1092341,SharedSubscriber - /event/HighVelocityEngagementEvent,2
1092344,SharedSubscriber - /event/HighVelocityEngagementEvent,2
1092345,SharedSubscriber - /event/HighVelocityEngagementEvent,2
1092346,SharedSubscriber - /event/HighVelocityEngagementEvent,2
1092347,SharedSubscriber - /event/HighVelocityEngagementEvent,2
1092348,SharedSubscriber - /event/HighVelocityEngagementEvent,2
1092349,SharedSubscriber - /event/HighVelocityEngagementEvent,2
1092350,SharedSubscriber - /event/HighVelocityEngagementEvent,2
1092351,SharedSubscriber - /event/HighVelocityEngagementEvent,2
1092352,SharedSubscriber - /event/HighVelocityEngagementEvent,2
1092353,SharedSubscriber - /event/HighVelocityEngagementEvent,4
1092355,SharedSubscriber - /event/HighVelocityEngagementEvent,2
1092356,SharedSubscriber - /event/HighVelocityEngagementEvent,2
1092357,SharedSubscriber - /event/HighVelocityEngagementEvent,2
1092358,SharedSubscriber - /event/HighVelocityEngagementEvent,2
1092359,SharedSubscriber - /event/HighVelocityEngagementEvent,2
1092360,SharedSubscriber - /event/HighVelocityEngagementEvent,2
1092361,SharedSubscriber - /event/HighVelocityEngagementEvent,2
1092362,SharedSubscriber - /event/HighVelocityEngagementEvent,2
1092363,SharedSubscriber - /event/HighVelocityEngagementEvent,2
1092364,SharedSubscriber - /event/HighVelocityEngagementEvent,2
1092365,SharedSubscriber - /event/HighVelocityEngagementEvent,2
1092366,SharedSubscriber - /event/HighVelocityEngagementEvent,2
1092367,SharedSubscriber - /event/HighVelocityEngagementEvent,2
1092368,SharedSubscriber - /event/HighVelocityEngagementEvent,2
1092369,SharedSubscriber - /event/HighVelocityEngagementEvent,2
1092370,SharedSubscriber - /event/HighVelocityEngagementEvent,2
1092371,SharedSubscriber - /event/HighVelocityEngagementEvent,2
1092372,SharedSubscriber - /event/HighVelocityEngagementEvent,2
1092373,SharedSubscriber - /event/HighVelocityEngagementEvent,2
1092374,SharedSubscriber - /event/HighVelocityEngagementEvent,2
1092375,SharedSubscriber - /event/HighVelocityEngagementEvent,2
1092376,SharedSubscriber - /event/HighVelocityEngagementEvent,2
1092377,SharedSubscriber - /event/HighVelocityEngagementEvent,2
1092378,SharedSubscriber - /event/HighVelocityEngagementEvent,2
1092379,SharedSubscriber - /event/HighVelocityEngagementEvent,2
1092380,SharedSubscriber - /event/HighVelocityEngagementEvent,2
1092381,SharedSubscriber - /event/HighVelocityEngagementEvent,3
1092383,SharedSubscriber - /event/HighVelocityEngagementEvent,2
1092384,SharedSubscriber - /event/HighVelocityEngagementEvent,2
1092385,SharedSubscriber - /event/HighVelocityEngagementEvent,2
1092386,SharedSubscriber - /event/HighVelocityEngagementEvent,3
1092388,SharedSubscriber - /event/HighVelocityEngagementEvent,2
1092389,SharedSubscriber - /event/HighVelocityEngagementEvent,2
1092390,SharedSubscriber - /event/HighVelocityEngagementEvent,3
1092392,SharedSubscriber - /event/HighVelocityEngagementEvent,2
1092393,SharedSubscriber - /event/HighVelocityEngagementEvent,2
1092394,SharedSubscriber - /event/HighVelocityEngagementEvent,3
1092396,SharedSubscriber - /event/HighVelocityEngagementEvent,2
1092397,SharedSubscriber - /event/HighVelocityEngagementEvent,2
1092398,SharedSubscriber - /event/HighVelocityEngagementEvent,2
1092399,SharedSubscriber - /event/HighVelocityEngagementEvent,2
1092400,SharedSubscriber - /event/HighVelocityEngagementEvent,2
1092401,SharedSubscriber - /event/HighVelocityEngagementEvent,2
1092402,SharedSubscriber - /event/HighVelocityEngagementEvent,2
1092403,SharedSubscriber - /event/HighVelocityEngagementEvent,2
1092404,SharedSubscriber - /event/HighVelocityEngagementEvent,2
1092405,SharedSubscriber - /event/HighVelocityEngagementEvent,2
1092406,SharedSubscriber - /event/HighVelocityEngagementEvent,2
1092407,SharedSubscriber - /event/HighVelocityEngagementEvent,2
1092409,SharedSubscriber - /event/HighVelocityEngagementEvent,2
1092410,SharedSubscriber - /event/HighVelocityEngagementEvent,2
1092411,SharedSubscriber - /event/HighVelocityEngagementEvent,2
1092412,SharedSubscriber - /event/HighVelocityEngagementEvent,2
1092413,SharedSubscriber - /event/HighVelocityEngagementEvent,2
1092414,SharedSubscriber - /event/HighVelocityEngagementEvent,2
1092415,SharedSubscriber - /event/HighVelocityEngagementEvent,2
1092416,SharedSubscriber - /event/HighVelocityEngagementEvent,2
1092417,SharedSubscriber - /event/HighVelocityEngagementEvent,2
1092418,SharedSubscriber - /event/HighVelocityEngagementEvent,2
1092419,SharedSubscriber - /event/HighVelocityEngagementEvent,2
1092420,SharedSubscriber - /event/HighVelocityEngagementEvent,2
1092421,SharedSubscriber - /event/HighVelocityEngagementEvent,2
1092422,SharedSubscriber - /event/HighVelocityEngagementEvent,2
1092423,SharedSubscriber - /event/HighVelocityEngagementEvent,2
1092424,SharedSubscriber - /event/HighVelocityEngagementEvent,2
1092425,SharedSubscriber - /event/HighVelocityEngagementEvent,2
1092426,SharedSubscriber - /event/HighVelocityEngagementEvent,2
1092427,SharedSubscriber - /event/HighVelocityEngagementEvent,2
1092428,SharedSubscriber - /event/HighVelocityEngagementEvent,2
1092429,SharedSubscriber - /event/HighVelocityEngagementEvent,2
1092430,SharedSubscriber - /event/HighVelocityEngagementEvent,2
1092431,SharedSubscriber - /event/HighVelocityEngagementEvent,2
1092432,SharedSubscriber - /event/HighVelocityEngagementEvent,2
1092433,SharedSubscriber - /event/HighVelocityEngagementEvent,2
1092434,SharedSubscriber - /event/HighVelocityEngagementEvent,2
1092435,SharedSubscriber - /event/HighVelocityEngagementEvent,2
1092436,SharedSubscriber - /event/HighVelocityEngagementEvent,2
1169635,/event/EaasEvent,2
1169662,SharedSubscriber - /event/EaasEvent,2
1169664,/event/EaasEvent,2
1169724,/event/EaasEvent,2
1169954,/event/EaasEvent,2
1170143,/event/EaasEvent,2
1170412,/event/EaasEvent,2
19656,SharedSubscriber - /event/EngagementEvent,2
19657,SharedSubscriber - /event/EngagementEvent,4
19659,SharedSubscriber - /event/EngagementEvent,4
19661,SharedSubscriber - /event/EngagementEvent,2
19662,SharedSubscriber - /event/EngagementEvent,2
19663,SharedSubscriber - /event/EngagementEvent,2
19664,SharedSubscriber - /event/EngagementEvent,2
19665,SharedSubscriber - /event/EngagementEvent,2
19666,SharedSubscriber - /event/EngagementEvent,2
19667,SharedSubscriber - /event/EngagementEvent,2
19668,SharedSubscriber - /event/EngagementEvent,2
19669,SharedSubscriber - /event/EngagementEvent,2
19670,SharedSubscriber - /event/EngagementEvent,2
19671,SharedSubscriber - /event/EngagementEvent,2
19672,SharedSubscriber - /event/EngagementEvent,2
19673,SharedSubscriber - /event/EngagementEvent,2
19674,SharedSubscriber - /event/EngagementEvent,2
19675,SharedSubscriber - /event/EngagementEvent,2
19676,SharedSubscriber - /event/EngagementEvent,2
19677,SharedSubscriber - /event/EngagementEvent,2
19678,SharedSubscriber - /event/EngagementEvent,2
19679,SharedSubscriber - /event/EngagementEvent,2
19680,SharedSubscriber - /event/EngagementEvent,2
19681,SharedSubscriber - /event/EngagementEvent,2
19682,SharedSubscriber - /event/EngagementEvent,4
19684,SharedSubscriber - /event/EngagementEvent,2
19685,SharedSubscriber - /event/EngagementEvent,2
19686,SharedSubscriber - /event/EngagementEvent,2
216621,/s/notifications/readstate,2
216658,/s/notifications/readstate,4
216723,/s/notifications/readstate,4
216769,/s/notifications/readstate,4
217071,/s/notifications/readstate,4
217094,/s/notifications/readstate,2
217105,/s/notifications/readstate,4
217107,/s/notifications/readstate,4
217109,/s/notifications/readstate,4
217151,/s/notifications/readstate,4
519834,/s/chatter/feeds/feedelement/0D50H000080SO0nSAG,2
519835,/s/chatter/feeds/feedelement/0D50H000080SO0nSAG,2
519836,/s/chatter/feeds/feedelement/0D50H000080SO0nSAG,2
519837,/s/chatter/feeds/feedelement/0D50H000080SO0nSAG,2
519838,/s/chatter/feeds/feedelement/0D50H000080SO0nSAG,2
519839,/s/chatter/feeds/feedelement/0D50H000080SO0nSAG,2
519840,/s/chatter/feeds/feedelement/0D50H000080SO0nSAG,2
519841,/s/chatter/feeds/feedelement/0D50H000080SO0nSAG,2
519851,/s/chatter/feeds/feedelement/0D50H000080SO0nSAG,2
519852,/s/chatter/feeds/feedelement/0D50H000080SO0nSAG,2
519853,/s/chatter/feeds/feedelement/0D50H000080SO0nSAG,2
519854,/s/chatter/feeds/feedelement/0D50H000080SO0nSAG,3
519942,/s/chatter/feeds/feedelement/0D50H000080SVZoSAO,2
519943,/s/chatter/feeds/feedelement/0D50H000080SVZoSAO,2
519944,/s/chatter/feeds/feedelement/0D50H000080SVZoSAO,2
519945,/s/chatter/feeds/feedelement/0D50H000080SVZoSAO,2
519946,/s/chatter/feeds/feedelement/0D50H000080SVZoSAO,2
519947,/s/chatter/feeds/feedelement/0D50H000080SVZoSAO,2
519948,/s/chatter/feeds/feedelement/0D50H000080SVZoSAO,2
519979,/s/chatter/feeds/feedelement/0D50H000080SWG7SAO,2
519980,/s/chatter/feeds/feedelement/0D50H000080SWG7SAO,2
519981,/s/chatter/feeds/feedelement/0D50H000080SWG7SAO,2
519982,/s/chatter/feeds/feedelement/0D50H000080SWG7SAO,2
519983,/s/chatter/feeds/feedelement/0D50H000080SWG7SAO,2
519984,/s/chatter/feeds/feedelement/0D50H000080SWG7SAO,2
519985,/s/chatter/feeds/feedelement/0D50H000080SWG7SAO,2
519986,/s/chatter/feeds/feedelement/0D50H000080SWG7SAO,2
520297,/s/chatter/feeds/feedelement/0D50H000080Smq4SAC,2
520298,/s/chatter/feeds/feedelement/0D50H000080Smq4SAC,2
520299,/s/chatter/feeds/feedelement/0D50H000080Smq4SAC,2
520300,/s/chatter/feeds/feedelement/0D50H000080Smq4SAC,2
520301,/s/chatter/feeds/feedelement/0D50H000080Smq4SAC,2
520302,/s/chatter/feeds/feedelement/0D50H000080Smq4SAC,2
520303,/s/chatter/feeds/feedelement/0D50H000080Smq4SAC,2
520398,/s/chatter/feeds/feedelement/0D50H00007zZQ4DSAW,2
520399,/s/chatter/feeds/feedelement/0D50H00007zZQ4DSAW,2
520400,/s/chatter/feeds/feedelement/0D50H00007zZQ4DSAW,2
520401,/s/chatter/feeds/feedelement/0D50H00007zZQ4DSAW,2
520402,/s/chatter/feeds/feedelement/0D50H00007zZQ4DSAW,2
520403,/s/chatter/feeds/feedelement/0D50H00007zZQ4DSAW,2
520404,/s/chatter/feeds/feedelement/0D50H00007zZQ4DSAW,2
520405,/s/chatter/feeds/feedelement/0D50H00007zZQ4DSAW,2
520406,/s/chatter/feeds/feedelement/0D50H00007zZQ4DSAW,2
520409,/s/chatter/feeds/feedelement/0D50H00007zZQ4DSAW,4
520632,/s/chatter/feeds/feedelement/0D50H000080SnjSSAS,2
520633,/s/chatter/feeds/feedelement/0D50H000080SnjSSAS,2
520634,/s/chatter/feeds/feedelement/0D50H000080SnjSSAS,2
520635,/s/chatter/feeds/feedelement/0D50H000080SnjSSAS,2
520636,/s/chatter/feeds/feedelement/0D50H000080SnjSSAS,2
520637,/s/chatter/feeds/feedelement/0D50H000080SnjSSAS,2
520638,/s/chatter/feeds/feedelement/0D50H000080SnjSSAS,2
520738,/s/chatter/feeds/feedelement/0D50H000080SoJ7SAK,2
520903,/s/chatter/feeds/feedelement/0D50H000080Smq4SAC,2
520916,/s/chatter/feeds/feedelement/0D50H000080Smq4SAC,2
520917,/s/chatter/feeds/feedelement/0D50H000080Smq4SAC,2
520918,/s/chatter/feeds/feedelement/0D50H000080Smq4SAC,2
520919,/s/chatter/feeds/feedelement/0D50H000080Smq4SAC,2
520920,/s/chatter/feeds/feedelement/0D50H000080Smq4SAC,2
520921,/s/chatter/feeds/feedelement/0D50H000080Smq4SAC,2
520922,/s/chatter/feeds/feedelement/0D50H000080Smq4SAC,2
520923,/s/chatter/feeds/feedelement/0D50H000080Smq4SAC,2
521063,/s/chatter/feeds/feedelement/0D50H000080S0bASAS,2
521223,/s/chatter/feeds/feedelement/0D50H000080T6XtSAK,2
521224,/s/chatter/feeds/feedelement/0D50H000080T6XtSAK,2
521225,/s/chatter/feeds/feedelement/0D50H000080T6XtSAK,2
521462,/s/chatter/feeds/feedelement/0D50H000080T8XASA0,2
521463,/s/chatter/feeds/feedelement/0D50H000080T8XASA0,2
521464,/s/chatter/feeds/feedelement/0D50H000080T8XASA0,2
521465,/s/chatter/feeds/feedelement/0D50H000080T8XASA0,2
521479,/s/chatter/feeds/feedelement/0D50H00007zZZJsSAO,2
521480,/s/chatter/feeds/feedelement/0D50H00007zZZJsSAO,2
521508,/s/chatter/feeds/feedelement/0D50H000080RzZNSA0,2
521509,/s/chatter/feeds/feedelement/0D50H000080RzZNSA0,2
521510,/s/chatter/feeds/feedelement/0D50H000080RzZNSA0,2
521511,/s/chatter/feeds/feedelement/0D50H000080RzZNSA0,2
521512,/s/chatter/feeds/feedelement/0D50H000080RzZNSA0,2
521513,/s/chatter/feeds/feedelement/0D50H000080RzZNSA0,2
521514,/s/chatter/feeds/feedelement/0D50H000080RzZNSA0,2
521515,/s/chatter/feeds/feedelement/0D50H000080RzZNSA0,2
521516,/s/chatter/feeds/feedelement/0D50H000080RzZNSA0,2
521517,/s/chatter/feeds/feedelement/0D50H000080RzZNSA0,2
521519,/s/chatter/feeds/feedelement/0D50H000080RzZNSA0,2
521523,/s/chatter/feeds/feedelement/0D50H000080RzZNSA0,2
521524,/s/chatter/feeds/feedelement/0D50H000080RzZNSA0,2
521531,/s/chatter/feeds/feedelement/0D50H000080RzZNSA0,2
521538,/s/chatter/feeds/feedelement/0D50H000080RzZNSA0,2
521540,/s/chatter/feeds/feedelement/0D50H000080T3loSAC,2
521541,/s/chatter/feeds/feedelement/0D50H000080T3loSAC,2
521542,/s/chatter/feeds/feedelement/0D50H000080T3loSAC,2
521564,/s/chatter/feeds/feedelement/0D50H000080T97WSAS,2
521566,/s/chatter/feeds/feedelement/0D50H000080T97WSAS,2
521567,/s/chatter/feeds/feedelement/0D50H000080T97WSAS,2
521569,/s/chatter/feeds/feedelement/0D50H000080T97WSAS,4
521606,/s/chatter/feeds/feedelement/0D50H000080T8EqSAK,2
521607,/s/chatter/feeds/feedelement/0D50H000080T8EqSAK,2
521608,/s/chatter/feeds/feedelement/0D50H000080T8EqSAK,2
521609,/s/chatter/feeds/feedelement/0D50H000080T8EqSAK,2
521610,/s/chatter/feeds/feedelement/0D50H000080T8EqSAK,2
521611,/s/chatter/feeds/feedelement/0D50H000080T8EqSAK,2
521612,/s/chatter/feeds/feedelement/0D50H000080T8EqSAK,2
521613,/s/chatter/feeds/feedelement/0D50H000080T8EqSAK,2
521614,/s/chatter/feeds/feedelement/0D50H000080T8EqSAK,2
521615,/s/chatter/feeds/feedelement/0D50H000080T8EqSAK,2
521616,/s/chatter/feeds/feedelement/0D50H000080T8EqSAK,2
521617,/s/chatter/feeds/feedelement/0D50H000080T8EqSAK,2
521618,/s/chatter/feeds/feedelement/0D50H000080T8EqSAK,2
521619,/s/chatter/feeds/feedelement/0D50H000080T8EqSAK,3
521621,/s/chatter/feeds/feedelement/0D50H000080TBDkSAO,2
521622,/s/chatter/feeds/feedelement/0D50H000080TBDkSAO,2
521623,/s/chatter/feeds/feedelement/0D50H000080TBDkSAO,2
521624,/s/chatter/feeds/feedelement/0D50H000080TBDkSAO,2
521625,/s/chatter/feeds/feedelement/0D50H000080TBDkSAO,2
521626,/s/chatter/feeds/feedelement/0D50H000080TBDkSAO,2
521627,/s/chatter/feeds/feedelement/0D50H000080TBDkSAO,2
521629,/s/chatter/feeds/feedelement/0D50H000080TBDkSAO,2
521630,/s/chatter/feeds/feedelement/0D50H000080TBDkSAO,2
521631,/s/chatter/feeds/feedelement/0D50H000080TBDkSAO,2
521669,/s/chatter/feeds/feedelement/0D50H000080TAZTSA4,2
521672,/s/chatter/feeds/feedelement/0D50H000080TAZTSA4,2
521708,/s/chatter/feeds/feedelement/0D50H000080SztQSAS,3
521943,/s/chatter/feeds/feedelement/0D50H000080TJKnSAO,2
521944,/s/chatter/feeds/feedelement/0D50H000080TJKnSAO,2
521945,/s/chatter/feeds/feedelement/0D50H000080TJKnSAO,2
521946,/s/chatter/feeds/feedelement/0D50H000080TJKnSAO,2
521947,/s/chatter/feeds/feedelement/0D50H000080TJKnSAO,2
521948,/s/chatter/feeds/feedelement/0D50H000080TJKnSAO,2
521949,/s/chatter/feeds/feedelement/0D50H000080TJKnSAO,2
521950,/s/chatter/feeds/feedelement/0D50H000080TJKnSAO,2
521951,/s/chatter/feeds/feedelement/0D50H000080TJKnSAO,2
521952,/s/chatter/feeds/feedelement/0D50H000080TJKnSAO,2
521953,/s/chatter/feeds/feedelement/0D50H000080TJKnSAO,2
521954,/s/chatter/feeds/feedelement/0D50H000080TJKnSAO,2
521955,/s/chatter/feeds/feedelement/0D50H000080TJKnSAO,2
521956,/s/chatter/feeds/feedelement/0D50H000080TJKnSAO,2
521957,/s/chatter/feeds/feedelement/0D50H000080TJKnSAO,2
521958,/s/chatter/feeds/feedelement/0D50H000080TJKnSAO,2
521959,/s/chatter/feeds/feedelement/0D50H000080TJKnSAO,2
522157,/s/chatter/feeds/feedelement/0D50H000080TO0YSAW,2
605756,/s/notifications/notification,2
605765,/s/notifications/notification,2
605769,/s/notifications/notification,2
605802,/s/notifications/notification,2
605810,/s/notifications/notification,2
605816,/s/notifications/notification,2
605829,/s/notifications/notification,2
605845,/s/notifications/notification,2
605855,/s/notifications/notification,2
605858,/s/notifications/notification,2
605861,/s/notifications/notification,2
605864,/s/notifications/notification,2
605867,/s/notifications/notification,2
605871,/s/notifications/notification,2
605908,/s/notifications/notification,2
605945,/s/notifications/notification,2
605955,/s/notifications/notification,2
605971,/s/notifications/notification,2
605983,/s/notifications/notification,2
606010,/s/notifications/notification,2
606019,/s/notifications/notification,2
606061,/s/notifications/notification,2
606075,/s/notifications/notification,2
606085,/s/notifications/notification,6
606096,/s/notifications/notification,2
606120,/s/notifications/notification,2
606181,/s/notifications/notification,2
606202,/s/notifications/notification,2
606208,/s/notifications/notification,2
606216,/s/notifications/notification,2
606219,/s/notifications/notification,2
606222,/s/notifications/notification,2
606236,/s/notifications/notification,2
606244,/s/notifications/notification,2
606274,/s/notifications/notification,2
606284,/s/notifications/notification,2
606287,/s/notifications/notification,2
606300,/s/notifications/notification,2
606305,/s/notifications/notification,2
606309,/s/notifications/notification,2
606453,/s/notifications/notification,2
606460,/s/notifications/notification,2
606464,/s/notifications/notification,2
606467,/s/notifications/notification,2
606490,/s/notifications/notification,2
606493,/s/notifications/notification,2
606534,/s/notifications/notification,2
606591,/s/notifications/notification,2
606618,/s/notifications/notification,2
606685,/s/notifications/notification,2
606691,/s/notifications/notification,2
606702,/s/notifications/notification,2
606726,/s/notifications/notification,2
606728,/s/notifications/notification,2
606739,/s/notifications/notification,2
606749,/s/notifications/notification,2
606752,/s/notifications/notification,2
606759,/s/notifications/notification,2
606767,/s/notifications/notification,2
606860,/s/notifications/notification,3
606894,/s/notifications/notification,2
606926,/s/notifications/notification,2
606956,/s/notifications/notification,2
606971,/s/notifications/notification,2
606982,/s/notifications/notification,2
607014,/s/notifications/notification,4
607030,/s/notifications/notification,2
607047,/s/notifications/notification,3
607060,/s/notifications/notification,2
607063,/s/notifications/notification,2
607069,/s/notifications/notification,2
607072,/s/notifications/notification,2
607076,/s/notifications/notification,2
607077,/s/notifications/notification,2
607081,/s/notifications/notification,2
607097,/s/notifications/notification,2
607098,/s/notifications/notification,2
607101,/s/notifications/notification,2
607115,/s/notifications/notification,2
607118,/s/notifications/notification,2
607119,/s/notifications/notification,2
607137,/s/notifications/notification,2
607139,/s/notifications/notification,2
607167,/s/notifications/notification,2
607195,/s/notifications/notification,2
607202,/s/notifications/notification,2
607220,/s/notifications/notification,2
607233,/s/notifications/notification,2
607235,/s/notifications/notification,2
607237,/s/notifications/notification,2
607241,/s/notifications/notification,2
607244,/s/notifications/notification,2
607265,/s/notifications/notification,2
607268,/s/notifications/notification,2
607284,/s/notifications/notification,2
607286,/s/notifications/notification,2
607289,/s/notifications/notification,2
607291,/s/notifications/notification,2
607303,/s/notifications/notification,2
607306,/s/notifications/notification,2
607321,/s/notifications/notification,2
607328,/s/notifications/notification,2
607334,/s/notifications/notification,2
607353,/s/notifications/notification,2
607363,/s/notifications/notification,2
607367,/s/notifications/notification,2
607371,/s/notifications/notification,2
607378,/s/notifications/notification,2
607381,/s/notifications/notification,2
607384,/s/notifications/notification,2
607387,/s/notifications/notification,2
607390,/s/notifications/notification,2
607400,/s/notifications/notification,2
